metric	n	pearson_r	spearman_rho
within_region_enrichment	105	0.776355389350371	0.7245684853562351
outside_region_enrichment	105	0.7763613451269078	0.7095138867386087
total_h2	105	0.9287058890062113	0.9815361967788163
